﻿{"cameraMode":{"drawMode":0,"name":"Shaded","section":"Shading Mode"},"sceneLighting":true,"audioPlay":false,"sceneViewState":{"showFog":true,"showMaterialUpdate":false,"showSkybox":true,"showFlares":true,"showImageEffects":true,"showParticleSystems":true},"in2DMode":false,"pivot":{"x":0.1963205337524414,"y":0.8005099296569824,"z":-1.5066801309585572},"rotation":{"x":-0.08717229217290878,"y":0.8995905518531799,"z":-0.21045254170894624,"w":-0.37262260913848879},"size":2.957365036010742,"orthographic":false}