﻿<?xml version="1.0" encoding="utf-8"?>
<LayaExportSetting>
  <config>1</config>
  <config1>
    <FirstlevelMenu>0</FirstlevelMenu>
    <Scenes>False</Scenes>
    <ScenesDir>
    </ScenesDir>
    <MeshSetting>True</MeshSetting>
    <IgnoreVerticesUV>False</IgnoreVerticesUV>
    <IgnoreVerticesNormal>False</IgnoreVerticesNormal>
    <IgnoreVerticesTangent>False</IgnoreVerticesTangent>
    <IgnoreVerticesColor>False</IgnoreVerticesColor>
    <CompressMesh>False</CompressMesh>
    <AnimatorCompress>False</AnimatorCompress>
    <TexAnimatorSetting>False</TexAnimatorSetting>
    <TexAnimatorbakeFPS>30</TexAnimatorbakeFPS>
    <TexAnimationSocket>False</TexAnimationSocket>
    <TerrainSetting>True</TerrainSetting>
    <TextureSetting>False</TextureSetting>
    <JPGQuality>75</JPGQuality>
    <AndroidTextureType>ETC1</AndroidTextureType>
    <AndroidASTCQuality>astcfast</AndroidASTCQuality>
    <ETCQuality>etcnormal</ETCQuality>
    <IOSTextureType>PVRTC1_2</IOSTextureType>
    <IOSASTCQuality>astcfast</IOSASTCQuality>
    <PVRQuality>pvrtcfast</PVRQuality>
    <ConvertTerrain>False</ConvertTerrain>
    <TerrainToMeshResolution>8</TerrainToMeshResolution>
    <GameObjectSetting>True</GameObjectSetting>
    <IgnoreNullGameObject>True</IgnoreNullGameObject>
    <IgnoreNotActiveGameObject>True</IgnoreNotActiveGameObject>
    <OptimizeGameObject>False</OptimizeGameObject>
    <BatchMade>True</BatchMade>
    <OtherSetting>True</OtherSetting>
    <CoverOriginalFile>True</CoverOriginalFile>
    <CustomizeDirectory>False</CustomizeDirectory>
    <CustomizeDirectoryName>gem</CustomizeDirectoryName>
    <Ios>False</Ios>
    <Android>False</Android>
    <Conventional>True</Conventional>
    <SavePath>D:/workspace/coding/layabox/cuberRun/bin/res/3dScene</SavePath>
    <ScrollPositionY>271</ScrollPositionY>
  </config1>
  <config2>
    <FirstlevelMenu>0</FirstlevelMenu>
    <Scenes>False</Scenes>
    <ScenesDir>
    </ScenesDir>
    <MeshSetting>False</MeshSetting>
    <IgnoreVerticesUV>False</IgnoreVerticesUV>
    <IgnoreVerticesNormal>False</IgnoreVerticesNormal>
    <IgnoreVerticesTangent>False</IgnoreVerticesTangent>
    <IgnoreVerticesColor>False</IgnoreVerticesColor>
    <CompressMesh>False</CompressMesh>
    <AnimatorCompress>False</AnimatorCompress>
    <TexAnimatorSetting>False</TexAnimatorSetting>
    <TexAnimatorbakeFPS>30</TexAnimatorbakeFPS>
    <TexAnimationSocket>False</TexAnimationSocket>
    <TextureSetting>False</TextureSetting>
    <JPGQuality>75</JPGQuality>
    <AndroidTextureType>ETC1</AndroidTextureType>
    <AndroidASTCQuality>astcfast</AndroidASTCQuality>
    <ETCQuality>etcnormal</ETCQuality>
    <IOSTextureType>PVRTC1_2</IOSTextureType>
    <IOSASTCQuality>astcfast</IOSASTCQuality>
    <PVRQuality>pvrtcfast</PVRQuality>
    <TerrainSetting>False</TerrainSetting>
    <ConvertTerrain>False</ConvertTerrain>
    <TerrainToMeshResolution>8</TerrainToMeshResolution>
    <GameObjectSetting>True</GameObjectSetting>
    <IgnoreNullGameObject>True</IgnoreNullGameObject>
    <IgnoreNotActiveGameObject>True</IgnoreNotActiveGameObject>
    <OptimizeGameObject>False</OptimizeGameObject>
    <BatchMade>False</BatchMade>
    <OtherSetting>True</OtherSetting>
    <CoverOriginalFile>True</CoverOriginalFile>
    <CustomizeDirectory>False</CustomizeDirectory>
    <CustomizeDirectoryName>
    </CustomizeDirectoryName>
    <Ios>False</Ios>
    <Android>False</Android>
    <Conventional>True</Conventional>
    <SavePath>
    </SavePath>
    <ScrollPositionY>0</ScrollPositionY>
  </config2>
  <config3>
    <FirstlevelMenu>0</FirstlevelMenu>
    <Scenes>False</Scenes>
    <ScenesDir>
    </ScenesDir>
    <MeshSetting>False</MeshSetting>
    <IgnoreVerticesUV>False</IgnoreVerticesUV>
    <IgnoreVerticesNormal>False</IgnoreVerticesNormal>
    <IgnoreVerticesTangent>False</IgnoreVerticesTangent>
    <IgnoreVerticesColor>False</IgnoreVerticesColor>
    <CompressMesh>False</CompressMesh>
    <AnimatorCompress>False</AnimatorCompress>
    <TexAnimatorSetting>False</TexAnimatorSetting>
    <TexAnimatorbakeFPS>30</TexAnimatorbakeFPS>
    <TexAnimationSocket>False</TexAnimationSocket>
    <TextureSetting>False</TextureSetting>
    <JPGQuality>75</JPGQuality>
    <AndroidTextureType>ETC1</AndroidTextureType>
    <AndroidASTCQuality>astcfast</AndroidASTCQuality>
    <ETCQuality>etcnormal</ETCQuality>
    <IOSTextureType>PVRTC1_2</IOSTextureType>
    <IOSASTCQuality>astcfast</IOSASTCQuality>
    <PVRQuality>pvrtcfast</PVRQuality>
    <TerrainSetting>False</TerrainSetting>
    <ConvertTerrain>False</ConvertTerrain>
    <TerrainToMeshResolution>8</TerrainToMeshResolution>
    <GameObjectSetting>False</GameObjectSetting>
    <IgnoreNullGameObject>True</IgnoreNullGameObject>
    <IgnoreNotActiveGameObject>False</IgnoreNotActiveGameObject>
    <OptimizeGameObject>False</OptimizeGameObject>
    <BatchMade>False</BatchMade>
    <OtherSetting>False</OtherSetting>
    <CoverOriginalFile>True</CoverOriginalFile>
    <CustomizeDirectory>False</CustomizeDirectory>
    <CustomizeDirectoryName>
    </CustomizeDirectoryName>
    <Ios>False</Ios>
    <Android>False</Android>
    <Conventional>True</Conventional>
    <SavePath>
    </SavePath>
    <ScrollPositionY>0</ScrollPositionY>
  </config3>
  <config4>
    <FirstlevelMenu>0</FirstlevelMenu>
    <Scenes>False</Scenes>
    <ScenesDir>
    </ScenesDir>
    <MeshSetting>False</MeshSetting>
    <IgnoreVerticesUV>False</IgnoreVerticesUV>
    <IgnoreVerticesNormal>False</IgnoreVerticesNormal>
    <IgnoreVerticesTangent>False</IgnoreVerticesTangent>
    <IgnoreVerticesColor>False</IgnoreVerticesColor>
    <CompressMesh>False</CompressMesh>
    <AnimatorCompress>False</AnimatorCompress>
    <TexAnimatorSetting>False</TexAnimatorSetting>
    <TexAnimatorbakeFPS>30</TexAnimatorbakeFPS>
    <TexAnimationSocket>False</TexAnimationSocket>
    <TextureSetting>False</TextureSetting>
    <JPGQuality>75</JPGQuality>
    <AndroidTextureType>ETC1</AndroidTextureType>
    <AndroidASTCQuality>astcfast</AndroidASTCQuality>
    <ETCQuality>etcnormal</ETCQuality>
    <IOSTextureType>PVRTC1_2</IOSTextureType>
    <IOSASTCQuality>astcfast</IOSASTCQuality>
    <PVRQuality>pvrtcfast</PVRQuality>
    <TerrainSetting>False</TerrainSetting>
    <ConvertTerrain>False</ConvertTerrain>
    <TerrainToMeshResolution>8</TerrainToMeshResolution>
    <GameObjectSetting>False</GameObjectSetting>
    <IgnoreNullGameObject>True</IgnoreNullGameObject>
    <IgnoreNotActiveGameObject>False</IgnoreNotActiveGameObject>
    <OptimizeGameObject>False</OptimizeGameObject>
    <BatchMade>False</BatchMade>
    <OtherSetting>False</OtherSetting>
    <CoverOriginalFile>True</CoverOriginalFile>
    <CustomizeDirectory>False</CustomizeDirectory>
    <CustomizeDirectoryName>
    </CustomizeDirectoryName>
    <Ios>False</Ios>
    <Android>False</Android>
    <Conventional>True</Conventional>
    <SavePath>
    </SavePath>
    <ScrollPositionY>0</ScrollPositionY>
  </config4>
  <config5>
    <FirstlevelMenu>0</FirstlevelMenu>
    <Scenes>False</Scenes>
    <ScenesDir>
    </ScenesDir>
    <MeshSetting>False</MeshSetting>
    <IgnoreVerticesUV>False</IgnoreVerticesUV>
    <IgnoreVerticesNormal>False</IgnoreVerticesNormal>
    <IgnoreVerticesTangent>False</IgnoreVerticesTangent>
    <IgnoreVerticesColor>False</IgnoreVerticesColor>
    <CompressMesh>False</CompressMesh>
    <AnimatorCompress>False</AnimatorCompress>
    <TexAnimatorSetting>False</TexAnimatorSetting>
    <TexAnimatorbakeFPS>30</TexAnimatorbakeFPS>
    <TexAnimationSocket>False</TexAnimationSocket>
    <TextureSetting>False</TextureSetting>
    <JPGQuality>75</JPGQuality>
    <AndroidTextureType>0</AndroidTextureType>
    <AndroidASTCQuality>1</AndroidASTCQuality>
    <ETCQuality>1</ETCQuality>
    <IOSTextureType>0</IOSTextureType>
    <IOSASTCQuality>1</IOSASTCQuality>
    <PVRQuality>1</PVRQuality>
    <TerrainSetting>False</TerrainSetting>
    <ConvertTerrain>False</ConvertTerrain>
    <TerrainToMeshResolution>8</TerrainToMeshResolution>
    <GameObjectSetting>False</GameObjectSetting>
    <IgnoreNullGameObject>True</IgnoreNullGameObject>
    <IgnoreNotActiveGameObject>False</IgnoreNotActiveGameObject>
    <OptimizeGameObject>False</OptimizeGameObject>
    <BatchMade>False</BatchMade>
    <OtherSetting>False</OtherSetting>
    <CoverOriginalFile>True</CoverOriginalFile>
    <CustomizeDirectory>False</CustomizeDirectory>
    <CustomizeDirectoryName>
    </CustomizeDirectoryName>
    <Ios>False</Ios>
    <Android>False</Android>
    <Conventional>True</Conventional>
    <SavePath>
    </SavePath>
    <ScrollPositionY>0</ScrollPositionY>
  </config5>
  <language>1</language>
  <time>1647264446</time>
  <saveAcount>
  </saveAcount>
  <savePassWorld>
  </savePassWorld>
</LayaExportSetting>